{
  "L23pyr to L23pyr": {
    "std_err": [
      5.196796416566099e-05,
      5.01047474928408e-05,
      3.5712997203065e-05,
      3.143799837374382e-05,
      4.4936316953415416e-05,
      5.504043156903779e-05,
      4.6572764759032164e-05,
      4.808724323543547e-05,
      4.8709118519963216e-05,
      3.9687373925764567e-05,
      3.5408056674413505e-05,
      9.760122208770476e-05,
      null,
      null,
      null,
      null,
      null,
      1.7834174481418164e-05,
      1.406948570075823e-05,
      2.9033826738447925e-05,
      3.25048996388523e-05,
      2.6785833479925433e-05,
      1.8041345797441797e-05,
      8.500724509078318e-06,
      1.0938286921957968e-05
    ],
    "time_points": [
      30.0,
      90.0,
      150.0,
      210.0,
      270.0,
      330.0,
      390.0,
      450.0,
      510.0,
      570.0,
      630.0,
      690.0,
      750.0,
      810.0,
      870.0,
      930.0,
      990.0,
      1050.0,
      1110.0,
      1170.0,
      1230.0,
      1290.0,
      1350.0,
      1410.0,
      1470.0
    ],
    "avg_data": [
      0.00023088579732407548,
      0.000198314734188898,
      0.00014078343001528993,
      0.00013890047974503736,
      0.00017272164041060023,
      0.00021783902957395185,
      0.00020574314341165913,
      0.00011233580795832447,
      0.00014805021099005978,
      0.0001554571808185301,
      0.00013574485049449482,
      0.0001227830653078854,
      null,
      0.00010996863420587033,
      null,
      null,
      null,
      4.524703914891385e-05,
      8.40559209791536e-05,
      0.00011078358306804148,
      0.00013312600397815308,
      0.00011045210430893349,
      8.456662059567559e-05,
      6.000026996844099e-05,
      5.022627283324255e-05
    ]
  },
  "ntsr1 to ntsr1": {
    "std_err": [
      2.940548233496121e-05,
      2.1042798058899824e-05,
      2.1983952005350084e-05,
      1.8728130496775657e-06,
      9.705994479149588e-06,
      1.7541274473907175e-05,
      7.532345286605232e-06,
      1.1597650696164962e-05,
      4.547139881483968e-06,
      7.1498462640049355e-06,
      3.195844328729436e-06
    ],
    "time_points": [
      30.0,
      90.0,
      150.0,
      210.0,
      270.0,
      330.0,
      390.0,
      450.0,
      510.0,
      570.0,
      630.0
    ],
    "avg_data": [
      0.0002867567163775675,
      0.0003141253109788522,
      0.00018130886383005418,
      0.00010855761259639014,
      0.00013793154903396498,
      0.00012437977420631796,
      8.73441094881855e-05,
      8.102924584818538e-05,
      1.8219571984445793e-05,
      3.8706934901711065e-05,
      7.043131699902005e-05
    ]
  },
  "sim1 to sim1": {
    "std_err": [
      3.3232357734806983e-05,
      3.5279831977934725e-05,
      3.98048126489107e-05,
      3.811973397195726e-05,
      3.78162360125219e-05,
      4.094707107515436e-05,
      4.1546170627752384e-05,
      4.126293038915707e-05,
      5.0321180493669654e-05,
      4.340810385872736e-05,
      4.750841105537197e-05,
      5.882538999173997e-05,
      4.360483629298646e-05,
      8.579561446401731e-05,
      9.8299207472566e-05,
      0.0001510321191483375,
      0.00014691375653787773,
      0.0001258232817821824,
      0.00013967991829303206,
      4.271840781224235e-05,
      8.698371098380039e-05,
      5.373431858450101e-05,
      7.961321266999461e-05,
      8.052137271017996e-05,
      0.00011905912575694757,
      9.868781723928873e-05,
      8.684996987844857e-05,
      7.095626083173394e-05,
      4.609103136387549e-05,
      6.320268875978431e-05,
      8.339575325875153e-06,
      2.9681949576901613e-05
    ],
    "time_points": [
      30.0,
      90.0,
      150.0,
      210.0,
      270.0,
      330.0,
      390.0,
      450.0,
      510.0,
      570.0,
      630.0,
      690.0,
      750.0,
      810.0,
      870.0,
      930.0,
      990.0,
      1050.0,
      1110.0,
      1170.0,
      1230.0,
      1290.0,
      1350.0,
      1410.0,
      1470.0,
      1530.0,
      1590.0,
      1650.0,
      1710.0,
      1770.0,
      1830.0,
      1890.0
    ],
    "avg_data": [
      0.00036574982231073075,
      0.00038269785235261344,
      0.00039573060895638543,
      0.0004007301359332971,
      0.0004145090849821931,
      0.0003756223235927075,
      0.00036447482926907945,
      0.00034710760121305464,
      0.0002855220451540433,
      0.0003122105511805172,
      0.0003388974079306146,
      0.0003517256046175674,
      0.0003167682484534894,
      0.00010750927517969663,
      7.087957405019552e-05,
      -1.3142534953658469e-05,
      -8.930880150208914e-06,
      -8.031290706318995e-05,
      -2.706515962407658e-05,
      0.00023515688967150211,
      0.00020008421088277828,
      0.0003329172153219891,
      0.0003987374821008416,
      0.0004508896508923499,
      0.0004957138759588512,
      0.0004735829526907764,
      0.00042209899887287367,
      0.00035352071669573587,
      0.0002715504069783492,
      0.0001918238413054496,
      0.0004160983468561123,
      0.00029947696893941613
    ]
  }
}